<?xml version="1.0" encoding="UTF-8" ?>
<beans xmlns="http://www.springframework.org/schema/beans"
    xmlns:xsi="http://www.w3.org/2001/XMLSchema-instance" 
    xmlns:p="http://www.springframework.org/schema/p"
    xmlns:context="http://www.springframework.org/schema/context"
    xmlns:util="http://www.springframework.org/schema/util" 
    xmlns:mvc="http://www.springframework.org/schema/mvc"
    xsi:schemaLocation="http://www.springframework.org/schema/beans
       http://www.springframework.org/schema/beans/spring-beans-3.0.xsd
       http://www.springframework.org/schema/context 
       http://www.springframework.org/schema/context/spring-context-3.0.xsd
       http://www.springframework.org/schema/util 
       http://www.springframework.org/schema/util/spring-util-3.0.xsd 
       http://www.springframework.org/schema/mvc 
       http://www.springframework.org/schema/mvc/spring-mvc.xsd
      ">

         <!-- 开启注解模式驱动 -->    
         <mvc:annotation-driven></mvc:annotation-driven>
         <!-- 扫包 -->
         <context:component-scan base-package="com.springmvc.*"></context:component-scan>
         <!-- 静态资源过滤 -->
         <mvc:resources location="/resources/" mapping="/resources/**"/>


         <!-- 视图渲染 jsp/freemaker/velocity-->
         <bean class="org.springframework.web.servlet.view.InternalResourceViewResolver">
               <!-- 制定页面存放的路径 -->
               <property name="prefix" value="/WEB-INF/jsp/"></property>
               <!-- 文件的后缀 -->
               <property name="suffix" value=".jsp"></property>
         </bean> 

</beans>